"PeakCoord","Sig_Control","Count_Control","Sig_Cond1","Count_Cond1","Sig_Cond2","Count_Cond2","Enrich_Cond1","Enrich_Cond2","Group"
30360,0,0.00000023871122673222,1,0.000546598756892117,1,0.00488084905424803,2288.79074161969,20445.6673857918,1
34688,1,0.220913872511973,1,0.0275241987193741,1,0.0174676423425478,-0.875407558581988,-0.920930079474293,2
34688,1,0.220913872511973,0,0.000000808578042739818,0,0.0000000914684704980797,-0.999996339849401,-0.999999585954157,2
34688,1,0.220913872511973,0,0.000000808578042739818,0,0.0000000914684704980797,-0.999996339849401,-0.999999585954157,2
34989,0,0.0000193356093653098,1,0.000854060557643933,1,0.00458952197571165,43.1703460960589,236.361124182915,2
35180,0,0.00000023871122673222,1,0.000703665041694327,0,0.000000365873881992319,2946.76685339429,0.532704963234706,2
63852,0,0.00000023871122673222,0,0.000000202144510684955,1,2.18720321339713,-0.153183897329994,9162547.58784115,3
99029,0,0.00000023871122673222,0,0.000000202144510684955,1,0.147529496066353,-0.153183897329994,618023.958800314,4
106520,0,0.00000023871122673222,0,0.000000202144510684955,1,0.0106985181833374,-0.153183897329994,44816.825829946,5
125011,0,0.00000023871122673222,1,1.15853789684,1,7.50308994213613,4853301.93300203,31431658.2681789,6
125244,0,0.00000859360416235992,1,0.00498266004387344,1,0.0199482672624557,578.810280964249,2320.29231060343,6
156176,0,0.00000023871122673222,0,0.000000202144510684955,1,0.00152212681755854,-0.153183897329994,6375.43582329718,7
171512,0,0.00000214840104058998,0,0.00000990508102356277,1,0.00475489697037217,3.61044322564781,2212.22596691091,8
173789,0,0.00000023871122673222,1,0.000827983915765574,1,0.0208990820132832,3467.55875653634,87548.6402049296,9
230538,0,0.00000023871122673222,0,0.000000202144510684955,1,0.00618326860567019,-0.153183897329994,25901.7138786665,10
231322,1,0.00367042382223461,0,0.000000202144510684955,0,0.0000000914684704980797,-0.999944926111949,-0.999975079588917,10
231322,1,0.00367042382223461,0,0.000000202144510684955,0,0.0000000914684704980797,-0.999944926111949,-0.999975079588917,10
231322,1,0.00367042382223461,0,0.000000202144510684955,0,0.0000000914684704980797,-0.999944926111949,-0.999975079588917,10
246482,0,0.00000023871122673222,1,0.0171177993093126,0,0.0000000914684704980797,71708.2343901987,-0.616823759191324,11
259868,0,0.00000023871122673222,1,64.191474514833,1,23.1561507652847,268908484.761507,97004865.8522015,12
260224,0,0.00000095484490692888,1,0.00315850797945242,1,0.0017672623184934,3306.87540105471,1849.83703716611,12
260579,0,0.00000859360416235992,1,0.000233679054351807,0,0.0000571677940612998,26.1922059635146,5.6523652918173,12
261313,0,0.00141531886329533,1,0.00156540709074429,0,0.000514510146551698,0.106045521854701,-0.636470508593556,12
262856,0,0.00000023871122673222,0,0.000000202144510684955,1,0.0207245601715729,-0.153183897329994,86817.5399374667,13
264116,0,0.00000023871122673222,1,0.0684711972372505,1,0.00954281405859415,286835.937560795,39975.3940273284,14
271226,0,0.00000023871122673222,1,0.00460909698812765,0,0.0000000914684704980797,19307.2539569788,-0.616823759191324,15
286726,0,0.00000023871122673222,1,0.00190197770103474,1,0.00463059131896528,7966.69271002208,19397.2971909392,16
312846,0,0.00000023871122673222,1,0.00210311148916627,1,0.0012096705223371,8809.27473217874,5066.50578469474,17
312974,0,0.00000023871122673222,1,0.000777043499072965,0,0.0000000914684704980797,3254.1610986635,-0.616823759191324,17
313664,0,0.00000023871122673222,1,0.0749715582673466,1,0.0213385880140265,314067.002974354,89389.8020420153,17
346753,0,0.00000023871122673222,1,0.00612012720549768,0,0.0000000914684704980797,25637.2043244371,-0.616823759191324,18
346817,1,28.2053785458762,0,0.000136649689223029,0,0.000374654855160134,-0.999995155190383,-0.999986716900305,18
346817,1,28.2053785458762,0,0.000136649689223029,0,0.000374654855160134,-0.999995155190383,-0.999986716900305,18
346817,1,28.2053785458762,0,0.000136649689223029,0,0.000374654855160134,-0.999995155190383,-0.999986716900305,18
348806,0,0.00000023871122673222,1,0.000307461800751816,0,0.00000146349552796927,1287.00729216108,5.13081985293882,19
379773,0,0.00000023871122673222,0,0.000000202144510684955,1,0.00116796089978998,-0.153183897329994,4891.77741888599,20
382328,0,0.00000023871122673222,0,0.000000202144510684955,1,0.00159374662995854,-0.153183897329994,6675.46281985038,21
382412,0,0.0000152775185108621,1,0.334305783192735,1,0.738787543348052,21881.2044270507,48356.823479172,21
390755,0,0.00000023871122673222,1,0.0493305378095136,0,0.0000000914684704980797,206652.614431177,-0.616823759191324,22
406102,0,0.00000023871122673222,1,0.000373765200256481,1,0.00496573179487025,1564.76297383684,20801.2549372622,23
407429,0,0.00000023871122673222,1,0.565788133146929,0,0.0000000914684704980797,2370177.14743006,-0.616823759191324,24
408982,1,0.346039613650654,0,0.000000202144510684955,1,0.162529319074862,-0.999999415834191,-0.530315857886304,25
408982,1,0.346039613650654,0,0.000000202144510684955,0,0.0000000914684704980797,-0.999999415834191,-0.999999735670522,25
408982,1,0.346039613650654,0,0.000000202144510684955,0,0.0000000914684704980797,-0.999999415834191,-0.999999735670522,25
423964,0,0.00000023871122673222,1,0.0631663188433453,1,0.0914684704980797,264612.942578426,383175.240808676,26
431888,0,0.00000023871122673222,1,0.0011985148038511,0,0.0000000914684704980797,5019.77267273046,-0.616823759191324,27
436158,0,0.00000023871122673222,0,0.000000202144510684955,1,0.0377000106743705,-0.153183897329994,157930.452116667,28
448832,0,0.00000023871122673222,1,0.000703665041694327,1,0.00125211189264821,2946.76685339429,5244.29956042997,29
474563,0,0.00000023871122673222,1,0.0880541488543662,0,0.0000000914684704980797,368872.094323054,-0.616823759191324,30
488187,0,0.00000023871122673222,1,0.0019413958806183,0,0.0000000914684704980797,8131.82185004273,-0.616823759191324,31
501152,0,0.00000023871122673222,1,0.00101901047836286,0,0.0000000914684704980797,4267.7999735595,-0.616823759191324,32
551820,0,0.00000023871122673222,1,0.0010479171433908,0,0.0000000914684704980797,4388.89467624131,-0.616823759191324,33
698868,0,0.00000023871122673222,0,0.000000202144510684955,1,0.0024004985397516,-0.153183897329994,10055.0772637829,34
729794,0,0.00000023871122673222,1,0.441581449279112,0,0.0000000914684704980797,1849855.22722498,-0.616823759191324,35
736536,0,0.00000095484490692888,1,0.0117407553250928,1,0.00500844757059285,12294.9815147941,5244.29956042997,36
753955,0,0.00000023871122673222,0,0.000000202144510684955,1,4.15396018688472,-0.153183897329994,17401611.1644104,37
768043,1,0.0135215587270199,1,0.0111634306025766,1,0.0038439624726818,-0.174397654297877,-0.715716024292341,38
768043,1,0.0135215587270199,0,0.000000202144510684955,0,0.0000000914684704980797,-0.999985050206506,-0.999993235360483,38
768043,1,0.0135215587270199,0,0.000000202144510684955,0,0.0000000914684704980797,-0.999985050206506,-0.999993235360483,38
770209,0,0.00000023871122673222,1,0.034479587043022,0,0.0000000914684704980797,144439.57581632,-0.616823759191324,39
777479,0,0.00000023871122673222,0,0.000000202144510684955,1,0.0722894530725128,-0.153183897329994,302831.229812154,40
780385,0,0.00000095484490692888,0,0.000000202144510684955,1,0.00114738049392791,-0.788295974332499,1200.64069117601,41
783039,0,0.00000023871122673222,1,0.000827983915765574,1,0.0156773299694889,3467.55875653634,65673.8749696439,42
785791,0,0.00000095484490692888,0,0.000000202144510684955,1,0.0304525064144552,-0.788295974332499,31891.620669048,43
797468,0,0.00000023871122673222,0,0.000000202144510684955,1,0.028174575625171,-0.153183897329994,118026.861575093,44
818909,0,0.00000023871122673222,0,0.000000202144510684955,1,0.0146349552796927,-0.153183897329994,61307.1985293882,45
828691,0,0.00000023871122673222,0,0.000000202144510684955,1,0.00727393864788929,-0.153183897329994,30470.7073740692,46
843869,0,0.00000023871122673222,1,0.0567823930514037,0,0.0000000914684704980797,237869.643240005,-0.616823759191324,47
857243,1,0.0255251527632495,0,0.000000202144510684955,1,0.145215343762751,-0.999992080575871,4.6891077248254,48
857243,1,0.0255251527632495,0,0.000000202144510684955,0,0.0000000914684704980797,-0.999992080575871,-0.999996416535825,48
857243,1,0.0255251527632495,0,0.000000202144510684955,0,0.0000000914684704980797,-0.999992080575871,-0.999996416535825,48
877627,0,0.00000023871122673222,1,0.00227129572205615,0,0.0000000914684704980797,9513.82572960018,-0.616823759191324,49
913062,0,0.00000023871122673222,0,0.000000202144510684955,1,0.000842973424110302,-0.153183897329994,3530.35223529276,50
929163,0,0.00000023871122673222,1,0.00244594857928795,1,0.0494135544748251,10245.4748423071,207000.384690867,51
931284,0,0.00000023871122673222,1,0.0224156026453439,1,0.0313027973162053,93901.5908089742,131131.489010749,52
952436,0,0.00000023871122673222,1,0.00249062251614933,0,0.0000000914684704980797,10432.6212009971,-0.616823759191324,53
954942,0,0.00000023871122673222,1,0.361887997386676,1,0.0565088551998316,1516006.44690836,236723.748866637,54
960518,0,0.00000023871122673222,1,0.0326673615047314,0,0.000000365873881992319,136847.869455884,0.532704963234706,55
962035,0,0.00000023871122673222,1,0.00310817399629186,0,0.0000000914684704980797,13019.644394654,-0.616823759191324,56
1025084,0,0.00000023871122673222,0,0.000000202144510684955,1,0.0012096705223371,-0.153183897329994,5066.50578469474,57
1025260,1,0.0730000415357534,0,0.000000202144510684955,1,0.0640799749083692,-0.999997230898689,-0.122192624000295,57
1025260,1,0.0730000415357534,0,0.000000202144510684955,0,0.0000000914684704980797,-0.999997230898689,-0.999998747007966,57
1025260,1,0.0730000415357534,0,0.000000202144510684955,0,0.0000000914684704980797,-0.999997230898689,-0.999998747007966,57
1026985,0,0.00000023871122673222,0,0.000000202144510684955,1,0.180818165345542,-0.153183897329994,757475.587175261,58
1028397,0,0.00000023871122673222,1,0.00244594857928795,0,0.00000740894611034445,10245.4748423071,30.0372755055028,59
1035512,0,0.00000023871122673222,0,0.000000202144510684955,1,0.0104497239435826,-0.153183897329994,43774.5864549464,60
1060955,0,0.00000023871122673222,1,0.000802311562908585,1,0.00513769251940664,3360.01311149725,21521.6262699825,61
1063192,0,0.00000214840104058998,1,0.00253570074203207,0,0.0000403375954896531,1179.27346576584,17.7756357996251,62
1095211,1,0.12271881583954,0,0.00000323431217095927,1,0.580400465428165,-0.999973644529172,3.72951487885168,63
1095211,1,0.12271881583954,0,0.00000323431217095927,0,0.00000146349552796927,-0.999973644529172,-0.999988074399855,63
1095211,1,0.12271881583954,0,0.00000323431217095927,0,0.00000146349552796927,-0.999973644529172,-0.999988074399855,63
1113537,0,0.00000023871122673222,1,9.90508102356277,1,18.2829963131804,41493988.0308303,76590432.4013153,64
1113841,0,0.0000152775185108621,1,0.0033119356630623,0,0.0000403375954896531,215.784922283521,1.64032378432229,64
1114289,0,0.00000095484490692888,1,0.000323431217095927,1,0.00319856094484735,337.726441068002,3348.82249120965,64
1114532,0,0.00000214840104058998,0,0.000000202144510684955,1,0.0397230188363765,-0.905909321925555,18488.5734482925,64
1114919,0,0.00000381937962771552,1,0.00182435420893171,1,0.00208557259582671,476.6572079123,545.050091667414,64
1115019,0,0.0000193356093653098,1,0.0011675866937163,0,0.000146349552796927,59.3853062842216,6.5689133986899,64
1115139,0,0.0000403421973177452,0,0.0000454825149041148,1,13.3388265637976,0.127417888170126,330641.043583736,64
1115189,0,0.00248355160292202,1,0.00110694334051081,0,0.0115923480770446,-0.55429017894839,3.66764937092737,64
1115210,0,0.00714438830486861,1,0.00142633166739304,0,0.000808215405321032,-0.800356362710429,-0.88687409322779,64
1115303,1,0.589899364121034,0,0.00379405032104591,0,0.00216926624633246,-0.993568309186603,-0.996322650305676,64
1115303,1,0.589899364121034,0,0.00379405032104591,0,0.00216926624633246,-0.993568309186603,-0.996322650305676,64
1115303,1,0.589899364121034,0,0.00379405032104591,0,0.00216926624633246,-0.993568309186603,-0.996322650305676,64
1115473,0,0.0000773424374612393,1,0.0578588125708011,0,0.0000571677940612998,747.086231440501,-0.260848300909189,64
1140621,0,0.00000023871122673222,0,0.000000808578042739818,1,0.869397659084022,2.38726441068002,3642046.63632374,65
1141359,0,0.00000023871122673222,1,0.0179512411268667,0,0.0000000914684704980797,75199.6571815072,-0.616823759191324,65
1145571,0,0.00000023871122673222,0,0.000000202144510684955,1,0.00411095893806569,-0.153183897329994,17220.4729669052,66
1148505,0,0.00000381937962771552,1,0.00714459558564903,1,0.0228671176245199,1869.61677079804,5986.12876263557,67
1151275,0,0.00000023871122673222,0,0.000000202144510684955,1,0.000791110801337891,-0.153183897329994,3313.09130675424,68
1157272,1,0.0097403728955815,0,0.000000202144510684955,0,0.0000000914684704980797,-0.999979246738,-0.999990609346123,69
1157272,1,0.0097403728955815,0,0.000000202144510684955,0,0.0000000914684704980797,-0.999979246738,-0.999990609346123,69
1157272,1,0.0097403728955815,0,0.000000202144510684955,0,0.0000000914684704980797,-0.999979246738,-0.999990609346123,69
1158098,0,0.00000023871122673222,1,0.00160118666913553,1,0.00522477050332081,6706.63034924911,21886.4100512324,69
1166689,0,0.00000023871122673222,1,0.000505361276712386,0,0.0000000914684704980797,2116.04025667501,-0.616823759191324,70
1170355,0,0.00000023871122673222,1,0.00153003180137442,0,0.0000000914684704980797,6408.55108110927,-0.616823759191324,71
1183106,0,0.00000023871122673222,1,0.000962410015371069,1,0.000740894611034445,4030.6914648119,3102.72755055028,72
1183360,0,0.00000023871122673222,1,0.00244594857928795,1,0.0495481045949278,10245.4748423071,207564.036941097,72
1183472,0,0.00000023871122673222,1,0.000827983915765574,1,0.0142713681094629,3467.55875653634,59784.0729721737,72
1183503,0,0.00000023871122673222,1,0.00182435420893171,1,0.0147816707063717,7641.5153265968,61921.8132196453,72
1184356,0,0.00000023871122673222,0,0.000000808578042739818,1,0.004548635569399,2.38726441068002,19053.9712791747,72
1188036,0,0.00000023871122673222,1,0.00244594857928795,1,0.0436744567618936,10245.4748423071,182958.374637568,73
1192326,0,0.00000023871122673222,0,0.000000202144510684955,1,0.025790541410109,-0.153183897329994,108039.756034655,74
1193753,0,0.00000023871122673222,0,0.000000202144510684955,1,0.00203069151352787,-0.153183897329994,8505.89572219343,75
1195162,0,0.00000023871122673222,1,0.00107722809744012,1,0.00942500266859263,4511.68301112846,39481.8630291668,76
1200189,0,0.00000023871122673222,0,0.000000202144510684955,1,0.437090867248241,-0.153183897329994,1831043.45162338,77
1202487,0,0.00000381937962771552,1,0.000611487144821987,1,0.00110676849302676,159.101169411048,288.777032111562,78
1207957,0,0.00000023871122673222,1,0.00132627013460399,1,0.00184437023912328,5554.96044961791,7725.36571966615,79
1207986,0,0.00000023871122673222,1,0.0034690019478645,1,0.00535675950624954,14531.21113792,22439.3333667193,79
1221871,0,0.00000023871122673222,1,0.0613712755884629,0,0.00000228671176245199,257093.215586716,8.57940602021691,80
1227763,0,0.00000023871122673222,1,0.000611487144821987,1,0.00450793210002736,2560.61871057677,18883.4578520148,81
1227837,0,0.00000023871122673222,0,0.000000202144510684955,1,125.545442862436,-0.153183897329994,525930197.512489,81
1229379,0,0.00000023871122673222,1,1.09930712947518,0,0.0000000914684704980797,4605174.65312649,-0.616823759191324,82
1229439,0,0.220454830822967,1,0.00384964006148427,1,0.00302980161677839,-0.982537737789127,-0.986256587775972,82
1234279,0,0.00000023871122673222,1,0.000727720238465836,0,0.0000000914684704980797,3047.53796961202,-0.616823759191324,83
1261661,0,0.0000861747528503314,1,0.00110694334051081,0,0.0000618326860567019,11.8453323496425,-0.28247329975993,84
1270282,0,0.00000023871122673222,1,0.418003313552819,1,0.587333318149567,1751082.59700955,2460433.41772608,85
1270373,0,0.000149194516707637,1,0.000727720238465836,0,0.000118543137765511,3.87766075137923,-0.205445747059129,85
1274445,0,0.00000023871122673222,1,0.0285783823425961,0,0.0000000914684704980797,119718.473331075,-0.616823759191324,86
1274492,0,0.00000095484490692888,0,0.000000202144510684955,1,258.955587758555,-0.788295974332499,271201725.981451,86
1274599,0,0.000259956525911388,1,0.00491938881202905,0,0.00231241440266195,17.923890426609,7.89538892918655,86
1274863,0,0.00000381937962771552,0,0.0000654948214619253,1,0.0025816061113378,16.1480260790676,674.922888786505,86
1275027,0,0.0000537100260147495,0,0.000126340319178097,1,0.0242597250878532,1.35226695186113,450.679637637694,86
1275154,0,0.000105271650988909,1,0.00291088095386335,0,0.000297181060648261,26.6511380463675,1.82299230473331,86
1275244,0,0.0000467874004395151,0,0.000194260874768241,1,0.00604140100792766,3.15199119727487,128.124528210063,86
1275301,0,0.0000611100740434483,1,0.0064047466765421,0,0.00211328754238763,103.806724207017,33.581655732983,86
1275606,0,0.00000095484490692888,1,0.000827983915765574,0,0.0000296357844413778,866.139689134086,30.0372755055028,86
1277398,0,0.00000023871122673222,0,0.000000202144510684955,1,0.00627876168887018,-0.153183897329994,26301.7498740708,87
1280961,1,0.23066403256785,0,0.000000202144510684955,0,0.0000000914684704980797,-0.999999123640958,-0.99999960345586,88
1280961,1,0.23066403256785,0,0.000000202144510684955,0,0.0000000914684704980797,-0.999999123640958,-0.99999960345586,88
1280961,1,0.23066403256785,0,0.000000202144510684955,0,0.0000000914684704980797,-0.999999123640958,-0.99999960345586,88
1284183,0,0.00000023871122673222,1,0.000409342634137033,1,0.00142919485153249,1713.80260790676,5986.12876263557,89
1290971,0,0.00000095484490692888,0,0.000000202144510684955,1,0.0105116480981098,-0.788295974332499,11007.7491924935,90
1299370,0,0.00000023871122673222,1,0.015622536363776,1,0.036534702360225,65444.3356787487,153048.786808765,91
1301681,0,0.00000023871122673222,1,0.00035658291684826,0,0.0000000914684704980797,1492.78360510989,-0.616823759191324,92
1309467,1,1.16378025008343,0,0.000000202144510684955,0,0.0000000914684704980797,-0.999999826303539,-0.999999921404002,93
1309467,1,1.16378025008343,0,0.000000202144510684955,0,0.0000000914684704980797,-0.999999826303539,-0.999999921404002,93
1309467,1,1.16378025008343,0,0.000000202144510684955,0,0.0000000914684704980797,-0.999999826303539,-0.999999921404002,93
1318005,0,0.00000023871122673222,1,0.000827983915765574,0,0.0000000914684704980797,3467.55875653634,-0.616823759191324,94
1320635,0,0.0000467874004395151,1,0.00523978786146471,1,0.00613579646948168,110.991429578108,130.14206841677,95
1321407,0,0.00000095484490692888,0,0.00000505361276712386,1,0.00293074126322897,4.29260064168753,3068.3374829377,95
1326785,0,0.00000023871122673222,0,0.000000202144510684955,1,4.43342590857232,-0.153183897329994,18572338.3460067,96
1330767,0,0.00000023871122673222,0,0.000000202144510684955,1,0.00316444320535156,-0.153183897329994,13255.365227017,97
1332843,0,0.00000859360416235992,1,0.00320924625163434,1,0.00661874999371154,372.445901277472,769.194887809906,98
1333412,0,0.00000023871122673222,1,95.284356885325,0,0.0000000914684704980797,399161606.058442,-0.616823759191324,98
1333492,0,0.0000116968501098788,1,0.000907426708464761,0,0.162529319074862,76.5787241813399,13894.1356602916,98
1333545,0,0.0000059677806683055,1,0.00336388680230833,0,0.0002667220599724,562.674670581262,43.693676727924,98
1340730,0,0.00000023871122673222,1,0.000247627025589069,1,0.00344250735566573,1036.34972577076,14420.2209990753,99
1340783,0,0.00000095484490692888,1,0.00320924625163434,0,0.0000058539821118771,3360.01311149725,5.13081985293882,99
1346840,0,0.00000023871122673222,0,0.000000202144510684955,1,0.0134875747857648,-0.153183897329994,56500.6357646842,100
1350964,0,0.00000023871122673222,1,0.00722080406617726,0,0.0000000914684704980797,30248.1180034753,-0.616823759191324,101
1363194,0,0.00000023871122673222,1,0.000206995978941393,1,0.00313050840279678,866.139689134086,13113.206841677,102
1364472,0,0.00000023871122673222,1,0.0194260874768241,0,0.0000000914684704980797,81378.0274665875,-0.616823759191324,103
1367143,0,0.00000023871122673222,1,0.0210895346552506,0,0.0000000914684704980797,88346.477175459,-0.616823759191324,104
1367967,0,0.00000023871122673222,0,0.000000808578042739818,1,0.00110676849302676,2.38726441068002,4635.43251378498,104
1374278,0,0.00000023871122673222,1,0.0465740952618135,0,0.0000000914684704980797,195105.430055169,-0.616823759191324,105
1379895,0,0.00000023871122673222,1,0.00442777336204324,0,0.0000000914684704980797,18547.6599128838,-0.616823759191324,106
1380575,0,0.00000023871122673222,0,0.000000202144510684955,1,0.0010668882398896,-0.153183897329994,4468.3676727924,106
1382487,0,0.00000023871122673222,1,0.00113706287260287,1,0.00187043875321523,4762.34057751878,7834.57094829662,107
1388677,0,0.00000095484490692888,1,0.00186296381047254,0,0.0000000914684704980797,1950.06430055169,-0.904205939797831,108
1390905,0,0.00000023871122673222,0,0.000000202144510684955,1,0.328118990235649,-0.153183897329994,1374542.60537355,109
1399771,0,0.000149194516707637,0,0.000567823930514037,1,0.0452045413363854,2.80593029184007,301.990634870104,110
1400356,1,0.236330082245566,0,0.0135600559212574,0,0.00608850727023417,-0.942622387330414,-0.974237273510074,110
1400356,1,0.236330082245566,0,0.0135600559212574,0,0.00608850727023417,-0.942622387330414,-0.974237273510074,110
1400356,1,0.236330082245566,0,0.0135600559212574,0,0.00608850727023417,-0.942622387330414,-0.974237273510074,110
1401379,0,0.00000023871122673222,0,0.000000202144510684955,1,10.7917285793876,-0.153183897329994,45208298.2790847,111
1409050,0,0.0000059677806683055,1,0.00258118325693618,1,0.00344250735566573,431.519792599732,575.848839963014,112
1410454,0,0.0000059677806683055,1,0.00253570074203207,0,0.0000403375954896531,423.898447675702,5.75922888786505,113
1416249,0,0.00000214840104058998,0,0.00000727720238465836,1,0.000791110801337891,2.38726441068002,367.232367417138,114
1416294,0,0.000105271650988909,0,0.000170003533486047,1,0.00205804058620679,0.614903270624659,18.5498082045243,114
1416607,0,0.00000214840104058998,1,0.000247627025589069,0,0.0000234159284475084,114.261080641195,9.89923529411346,114
1418234,0,0.0000193356093653098,1,0.00135921968984563,0,0.0000110676849302676,69.2961910413965,-0.427600924224076,115
1418711,0,0.000023871122673222,1,0.000680014133944187,0,0.0000131714597517235,27.486893693819,-0.448226213235506,115
1420768,0,0.00000381937962771552,1,0.000567823930514037,1,0.0356156271686603,147.669152025003,9323.97699631995,116
1420837,0,0.00000095484490692888,1,0.00352216595417465,0,0.0000110676849302676,3687.73094323054,10.5910812844625,116
1421756,0,0.00000023871122673222,1,0.0143029369980246,0,0.000000823216234482717,59916.3201605189,2.44858616727809,116
1423632,0,0.00000023871122673222,0,0.000000202144510684955,1,0.00779896766854826,-0.153183897329994,32670.138996311,117
1424755,0,0.00000095484490692888,0,0.000000202144510684955,1,1.7748564882565,-0.788295974332499,1858789.33901439,118
1425321,0,0.00000859360416235992,0,0.00000505361276712386,1,1.48405617664171,-0.411933262034718,172692.103918132,118
1427388,0,0.00000023871122673222,1,0.000427737784609364,1,0.00108673689798768,1790.86287324973,4551.51691704788,119
1427903,1,1.05371933575259,0,0.000000808578042739818,1,0.743474113370962,-0.999999232643821,-0.294428707773542,119
1427903,1,1.05371933575259,0,0.000000808578042739818,0,0.000000823216234482717,-0.999999232643821,-0.999999218751895,119
1427903,1,1.05371933575259,0,0.000000808578042739818,0,0.000000823216234482717,-0.999999232643821,-0.999999218751895,119
1439624,0,0.00000023871122673222,1,0.00550338430339789,0,0.0000000914684704980797,23053.5683951909,-0.616823759191324,120
1439975,0,0.00000023871122673222,1,0.00570532666957216,1,0.00990063871518264,23899.5376817582,41474.3794813719,120
1444368,0,0.00000023871122673222,1,0.0109742233405755,0,0.0000000914684704980797,45971.7993978519,-0.616823759191324,121
1446213,0,0.00000023871122673222,0,0.000000202144510684955,1,0.00656963142505407,-0.153183897329994,27520.2503198424,122
1447624,0,0.00000023871122673222,0,0.000000202144510684955,1,0.00632678263588167,-0.153183897329994,26502.9174004953,123
1448565,0,0.000023871122673222,1,98.9797329913587,1,339.417455239218,4146420.36217546,14218746.0562483,123
1448758,1,0.136793229767672,0,0.000703665041694327,0,0.000825502946245169,-0.994855995118403,-0.993965323081799,123
1448758,1,0.136793229767672,0,0.000703665041694327,0,0.000825502946245169,-0.994855995118403,-0.993965323081799,123
1448758,1,0.136793229767672,0,0.000703665041694327,0,0.000825502946245169,-0.994855995118403,-0.993965323081799,123
1448997,0,0.00018714960175806,1,0.0636191225472796,1,0.0528321885596908,338.937258480111,281.299230473331,123
1449034,0,0.00000381937962771552,1,0.00227129572205615,0,0.0000666805149931001,593.676608100011,16.4584674718453,123
1449292,0,0.000275950178102446,1,0.00129372486838371,0,0.000210743356027576,3.68825523969553,-0.236299257073365,123
1449483,0,0.0000689875445256116,1,0.00430891238976049,1,0.00216926624633246,61.4592804308437,30.4443173945279,123
1449537,0,0.0000403421973177452,1,0.00281466016677731,1,0.00280122190900369,68.769629666137,68.4365229276078,123
1452509,0,0.00000023871122673222,0,0.000000202144510684955,1,0.000970389003514127,-0.153183897329994,4064.11673873925,124
1455101,0,0.00000023871122673222,0,0.000000202144510684955,1,0.0182762236217508,-0.153183897329994,76561.0614997408,125
1457469,1,0.165241640213484,0,0.000000202144510684955,1,0.18262311267388,-0.999998776673298,0.105188210658888,126
1457469,1,0.165241640213484,0,0.000000202144510684955,0,0.0000000914684704980797,-0.999998776673298,-0.99999944645629,126
1457469,1,0.165241640213484,0,0.000000202144510684955,0,0.0000000914684704980797,-0.999998776673298,-0.99999944645629,126
1466553,0,0.00000095484490692888,1,0.00235781357262931,1,0.00391933249237222,2468.31575538574,4103.67968560274,127
1472609,0,0.00000023871122673222,1,0.00190197770103474,0,0.0000000914684704980797,7966.69271002208,-0.616823759191324,128
1474959,0,0.00000023871122673222,0,0.000000202144510684955,1,0.267150223882802,-0.153183897329994,1119134.56618133,129
1479020,0,0.00000023871122673222,1,0.34849086994103,1,1.68967912769081,1459883.70970391,7078338.59391548,130
1480208,0,0.0000116968501098788,0,0.00000727720238465836,1,0.00422813004877373,-0.377849393956731,360.475953701654,131
1482698,0,0.00000381937962771552,1,0.00113706287260287,1,0.00267462954583435,296.708786094924,699.278528592907,132
1485026,0,0.00000023871122673222,0,0.000000202144510684955,1,0.145215343762751,-0.153183897329994,608329.599907855,133
1487809,0,0.00000023871122673222,0,0.000000202144510684955,1,0.850885446808386,-0.153183897329994,3564495.98012271,134
1487936,0,0.00000023871122673222,1,0.00174834787291417,0,0.0000000914684704980797,7323.11247199288,-0.616823759191324,134
1488931,0,0.0000537100260147495,1,0.000261979285847701,0,0.0000618326860567019,3.87766075137923,0.151231727940735,134
1489731,0,0.00000023871122673222,0,0.000000202144510684955,1,10.6767867382426,-0.153183897329994,44726788.2859497,134
1490165,0,0.00000023871122673222,1,0.00281466016677731,1,0.0149291178808146,11790.0674135772,62539.4933198289,134
1490906,0,0.00000095484490692888,0,0.000000808578042739818,1,0.000660859699348626,-0.153183897329994,691.112084960672,134
1503322,0,0.00000023871122673222,0,0.000000202144510684955,1,0.00306318760851019,-0.153183897329994,12831.1891284418,135
1503478,0,0.00000023871122673222,0,0.000000808578042739818,1,0.965541266046199,2.38726441068002,4044807.78115263,135
1504306,0,0.00000095484490692888,0,0.00000505361276712386,1,0.00562567680951389,4.29260064168753,5890.71787867421,135
1504491,0,0.00000023871122673222,1,0.000446537224103065,1,0.00954281405859415,1869.61677079804,39975.3940273284,135
1504712,0,0.00000023871122673222,1,0.0923751899147678,1,1.54359117471951,386973.635333728,6466352.49267031,135
1504843,0,0.00000095484490692888,0,0.00000505361276712386,1,0.00522477050332081,4.29260064168753,5470.8525128081,135
1505955,0,0.00000023871122673222,1,0.0799766563519061,0,0.0000000914684704980797,335034.169676464,-0.616823759191324,136
1508364,0,0.00000023871122673222,0,0.000000202144510684955,1,0.352461768694715,-0.153183897329994,1476518.44786869,137
1522649,0,0.00000023871122673222,0,0.000000202144510684955,1,0.0120527088890615,-0.153183897329994,50489.7500751185,138
1523292,0,0.00000023871122673222,1,0.0158481296377004,0,0.0000000914684704980797,66389.3824493284,-0.616823759191324,138
1526769,0,0.00000214840104058998,1,0.0106006602848297,0,0.00000228671176245199,4933.20924890197,0.0643784466907676,139
1527000,0,0.00000023871122673222,0,0.000000808578042739818,1,0.0166773547574444,2.38726441068002,69863.1408104052,139
1527192,0,0.00000023871122673222,0,0.000000202144510684955,1,0.00104722251873251,-0.153183897329994,4385.98478101854,139
1527452,0,0.00000859360416235992,1,0.00934413000641202,0,0.0000131714597517235,1086.33539849781,0.532704963234705,139
1528004,0,0.00000023871122673222,0,0.000000202144510684955,1,0.00184437023912328,-0.153183897329994,7725.36571966615,139
1528105,0,0.00000023871122673222,0,0.000000202144510684955,1,37.8270508671714,-0.153183897329994,158463643.064822,139
1541243,0,0.00000023871122673222,0,0.000000202144510684955,1,0.00571677940612998,-0.153183897329994,23947.5150505423,140
1557191,0,0.00000023871122673222,0,0.000000202144510684955,1,0.545013143561868,-0.153183897329994,2283147.35050992,141
1557236,0,0.0000059677806683055,1,0.0209591514458588,0,0.0000044819550544059,3511.05123156947,-0.248974568014994,141
1561684,0,0.00000023871122673222,0,0.000000808578042739818,1,0.0010668882398896,2.38726441068002,4468.3676727924,142
1562063,0,0.00000023871122673222,0,0.000000202144510684955,1,2.36326071925866,-0.153183897329994,9900081.00121104,142
1562799,0,0.00000859360416235992,1,0.00132627013460399,1,0.00618326860567019,153.332234711609,718.519829962959,142
1563851,0,0.00000095484490692888,1,0.0011675866937163,0,0.0000000914684704980797,1221.80245225549,-0.904205939797831,143
1563961,0,0.00000214840104058998,1,0.0266363800284458,1,0.0643865772214787,12397.2345591916,29968.5336229205,143
1563997,0,0.00000859360416235992,0,0.00000505361276712386,1,0.00243022579266348,-0.411933262034718,281.79470950127,143
1564572,0,0.0000343744166494397,1,0.000465740952618135,0,0.0000330201178498068,12.5490576427201,-0.0393984518615822,143
1565296,0,0.00000214840104058998,0,0.0000163737053654813,1,0.0231423462522486,6.62134492403005,10770.8930567514,143
1565869,0,0.00000859360416235992,1,0.00132627013460399,0,0.000125220336111871,153.332234711609,13.5713409351966,143
1566636,0,0.0000059677806683055,1,0.00122984720300726,0,0.0000058539821118771,205.081166745773,-0.0190688235297884,143
1566899,0,0.00000095484490692888,1,0.000276735835127703,0,0.00000228671176245199,288.822811138809,1.39485150505423,143
1568300,1,0.0401273572136862,1,0.0205704275518117,0,0.0000000914684704980797,-0.487371484688861,-0.999997720545861,144
1568300,1,0.0401273572136862,0,0.000000202144510684955,0,0.0000000914684704980797,-0.999994962426516,-0.999997720545861,144
1568300,1,0.0401273572136862,0,0.000000202144510684955,0,0.0000000914684704980797,-0.999994962426516,-0.999997720545861,144
1571094,0,0.00000023871122673222,1,0.0167666742942529,0,0.000000365873881992319,70237.3148198609,0.532704963234706,145
1571374,0,0.00000023871122673222,0,0.000000202144510684955,1,0.00330201178498068,-0.153183897329994,13831.6622931932,145
1572310,0,0.00000023871122673222,1,0.0461867863793412,0,0.0000000914684704980797,193482.930402454,-0.616823759191324,145
1593911,0,0.00000095484490692888,0,0.000000202144510684955,1,0.0032673452346619,-0.788295974332499,3420.85962448168,146
1599036,0,0.00000023871122673222,0,0.000000202144510684955,1,0.000878463190663557,-0.153183897329994,3679.02461672653,147
1600573,0,0.00000023871122673222,1,0.213207677610231,1,0.696265406377493,893160.501153032,2916767.58231115,148
1604448,1,0.105881796884437,1,0.259032827459957,0,0.000000365873881992319,1.44643399604066,-0.999996544506301,149
1604448,1,0.105881796884437,0,0.00000181930059616459,0,0.000000365873881992319,-0.999982817626356,-0.999996544506301,149
1604448,1,0.105881796884437,0,0.00000181930059616459,0,0.000000365873881992319,-0.999982817626356,-0.999996544506301,149
1605061,0,0.00000214840104058998,1,0.0124326959851674,1,0.159616231226439,5785.95306429067,74294.3611596682,149
1606836,0,0.0000288840584345986,1,0.00310817399629186,1,0.00399543425982662,106.608631360777,137.326622931932,150
1609240,0,0.00000023871122673222,1,0.000727720238465836,1,0.00252050517304508,3047.53796961202,10557.8044917239,151
1612714,0,0.00000023871122673222,1,0.0323431217095927,0,0.0000000914684704980797,135489.576427201,-0.616823759191324,152
1613039,0,0.00000023871122673222,0,0.0000163737053654813,1,0.00123079973902216,67.5921043162705,5155.01949632155,152
1624027,0,0.00000023871122673222,1,0.00557029413643461,0,0.0000000914684704980797,23333.8645251747,-0.616823759191324,153
1630380,0,0.00000023871122673222,0,0.000000202144510684955,1,0.00228341889751406,-0.153183897329994,9564.6116755478,154
1630990,0,0.00000023871122673222,1,0.000703665041694327,0,0.0000000914684704980797,2946.76685339429,-0.616823759191324,154
1632313,0,0.00000023871122673222,1,0.00479405921540438,1,0.00571677940612998,20082.0906909219,23947.5150505423,155
1634634,0,0.00000023871122673222,0,0.000000202144510684955,1,2.69098191311611,-0.153183897329994,11272958.1731133,156
1637321,0,0.00000095484490692888,0,0.00000181930059616459,1,0.00100843988724133,0.905336231007512,1055.12951372891,157
1637344,0,0.00000023871122673222,1,0.00714459558564903,1,0.00996091643724088,29928.8683327687,41726.8926240649,157
1642116,0,0.00000095484490692888,1,1.56675256460741,1,4.96963210192076,1640844.07676397,5204647.48883664,158
1643202,0,0.00000023871122673222,1,0.215288755347733,0,0.0000000914684704980797,901878.47293002,-0.616823759191324,159
1643590,0,0.00000214840104058998,1,0.00198121834922324,0,0.0000058539821118771,921.182735807636,1.72480882352837,159
1644420,0,0.00000381937962771552,0,0.00000990508102356277,1,0.00252050517304508,1.59337431442689,658.925280732743,159
1645770,0,0.00000023871122673222,0,0.000000202144510684955,1,0.341770933862899,-0.153183897329994,1431732.80884297,160
1696137,0,0.00000023871122673222,1,1.56562722611642,1,1.24072306191803,6558665.08181233,5197588.90351064,161
1700260,0,0.00000023871122673222,0,0.000000202144510684955,1,0.00108673689798768,-0.153183897329994,4551.51691704788,162
1704151,0,0.00000023871122673222,1,0.0011985148038511,0,0.00000146349552796927,5019.77267273046,5.13081985293882,163
1715263,0,0.00000859360416235992,0,0.00000323431217095927,1,0.00104722251873251,-0.62363728770222,120.860688361626,164
1730736,1,0.0737942337870915,0,0.000000202144510684955,0,0.0000000914684704980797,-0.99999726070046,-0.999998760492984,165
1730736,1,0.0737942337870915,0,0.000000202144510684955,0,0.0000000914684704980797,-0.99999726070046,-0.999998760492984,165
1730736,1,0.0737942337870915,0,0.000000202144510684955,0,0.0000000914684704980797,-0.99999726070046,-0.999998760492984,165
1746009,0,0.00000023871122673222,1,0.00584197635879519,0,0.0000000914684704980797,24471.9853671632,-0.616823759191324,166
1751963,0,0.00000023871122673222,0,0.000000202144510684955,1,0.000970389003514127,-0.153183897329994,4064.11673873925,167
1757118,0,0.00000023871122673222,1,0.0011985148038511,0,0.0000000914684704980797,5019.77267273046,-0.616823759191324,168
1762903,0,0.00000023871122673222,1,0.00326038881283763,1,0.00369541767659292,13657.2969199645,15479.7033049113,169
1767368,0,0.00000023871122673222,1,0.0190519179875463,0,0.0000000914684704980797,79810.5708605454,-0.616823759191324,170
1771577,1,0.204689147853437,0,0.000000202144510684955,0,0.0000000914684704980797,-0.999999012431715,-0.999999553134734,171
1771577,1,0.204689147853437,0,0.000000202144510684955,0,0.0000000914684704980797,-0.999999012431715,-0.999999553134734,171
1771577,1,0.204689147853437,0,0.000000202144510684955,0,0.0000000914684704980797,-0.999999012431715,-0.999999553134734,171
1779147,0,0.00000381937962771552,0,0.00000505361276712386,1,0.0202914569637645,0.323150160421884,5311.76252732735,172
1784717,0,0.00000023871122673222,1,0.0402097774874084,0,0.000000365873881992319,168444.271878707,0.532704963234706,173
1786520,0,0.00000381937962771552,1,0.0363407315528984,1,0.26062513760288,9513.82572960018,68236.5576681723,174
1789638,0,0.00000023871122673222,1,0.00135921968984563,1,0.00351385276265423,5692.99147435312,14719.0984669061,175
1791311,0,0.00000214840104058998,1,0.00231435250283204,0,0.0000131714597517235,1076.24417327432,5.13081985293882,176
1793084,0,0.00000023871122673222,1,0.00174834787291417,0,0.00000740894611034445,7323.11247199288,30.0372755055028,177
1793354,0,0.00000381937962771552,1,0.00584197635879519,0,0.0000154581715141755,1528.5615854477,3.04729904354164,177
1795553,1,1.02384223861479,1,0.440984112250038,1,1.80398517149744,-0.569285095283166,0.76197572580923,178
1795553,1,1.02384223861479,0,0.0000202144510684955,0,0.0000823216234482717,-0.999980256283335,-0.999919595402159,178
1795553,1,1.02384223861479,0,0.0000202144510684955,0,0.0000823216234482717,-0.999980256283335,-0.999919595402159,178
1795994,0,0.0000193356093653098,1,0.000261979285847701,0,0.00000329286493793087,12.5490576427201,-0.829699448529477,178
1796551,0,0.00000023871122673222,1,0.00235781357262931,1,0.00696770220866172,9876.26302154295,29187.8333198417,178
1796814,0,0.00000023871122673222,1,0.000777043499072965,1,0.00562567680951389,3254.1610986635,23565.8715146968,178
1798219,0,0.00000023871122673222,0,0.000000202144510684955,1,0.80520508648847,-0.153183897329994,3373133.55052421,179
1799255,0,0.00000023871122673222,1,0.00139257353410865,1,0.00316444320535156,5832.71613129367,13255.365227017,180
1808249,0,0.00000214840104058998,1,0.017235649559042,0,0.000000823216234482717,8021.54757533948,-0.616823759191324,181
1808362,0,0.00000381937962771552,1,0.00142633166739304,0,0.0000330201178498068,372.445901277472,7.64541393324576,181
1808754,1,0.0217714187228854,1,0.00824830461398889,1,0.0399644955984915,-0.621140692805722,0.835640391982454,181
1808754,1,0.0217714187228854,0,0.0000654948214619253,0,0.000487435479284267,-0.996991706314799,-0.977611221138662,181
1808754,1,0.0217714187228854,0,0.0000654948214619253,0,0.000487435479284267,-0.996991706314799,-0.977611221138662,181
1808864,0,0.00000381937962771552,0,0.00000181930059616459,1,0.224599823154859,-0.523665942248122,58804.315272941,181
1808896,0,0.00000381937962771552,0,0.00000505361276712386,1,0.00219753000371636,0.323150160421884,574.363074089278,181
1808953,0,0.00283612808480551,1,0.0323431217095927,1,0.171176290933398,10.4039707454929,59.3556277484333,181
1809117,0,0.000105271650988909,1,0.460299424535007,0,0.00000740894611034445,4371.49174123338,-0.929620690463713,181
1809216,0,0.0000611100740434483,1,0.000990508102356277,1,0.0318401745803815,15.2085894651681,520.02988056836,181
1809342,0,0.00134275065036874,0,0.000465740952618135,1,0.00344250735566573,-0.653144124346366,1.56377262205784,181
1809394,0,0.000775572775652983,1,0.00174834787291417,0,0.000247330744226807,1.25426668882514,-0.681099244337747,181
1809471,1,0.0267893674200234,1,0.00833017314081629,1,0.0628608831335708,-0.68904927801356,1.34648628121716,181
1809471,1,0.0267893674200234,0,0.00113706287260287,0,0.00046109255978082,-0.957555441501281,-0.982788225173388,181
1809471,1,0.0267893674200234,0,0.00113706287260287,0,0.00046109255978082,-0.957555441501281,-0.982788225173388,181
1809647,0,0.0000116968501098788,0,0.00000990508102356277,1,1.01245800568184,-0.153183897329994,86557.1755917988,181
1809689,0,0.000105271650988909,1,0.00240167893144795,0,0.0000618326860567019,21.8141091061731,-0.412636873499625,181
1809741,0,0.0000689875445256116,1,0.209075843811831,0,0.0000717112808704945,3029.63176475591,0.0394815667612536,181
1809918,0,0.00474581789866326,0,0.00523978786146471,1,0.587796971826522,0.104085317504613,122.855778788327,181
1810015,0,0.000126278238941344,0,0.000106934446152341,1,2.05247646767792,-0.153183897329995,16252.6038266363,181
1810090,0,0.0000343744166494397,0,0.0000808578042739818,1,0.00463059131896528,1.35226695186113,133.7103971593,181
1810364,1,0.131425807834598,1,0.00987294004636386,1,0.00845315016955053,-0.924878224383531,-0.935681200604154,181
1810364,1,0.131425807834598,0,1.49994784671624,0,0.625960453240906,10.4128866425075,3.76284272894628,181
1810364,1,0.131425807834598,0,1.49994784671624,0,0.625960453240906,10.4128866425075,3.76284272894628,181
1813266,0,0.00000023871122673222,1,0.000854060557643933,0,0.0000000914684704980797,3576.79803378077,-0.616823759191324,182
1813306,0,0.0000059677806683055,1,0.00093471621740723,0,0.0000044819550544059,155.627106349844,-0.248974568014994,182
1813474,0,0.000229401488889663,0,0.000206995978941393,1,0.0273681895892599,-0.0976694181747287,118.302580474634,182
1813568,0,0.00000023871122673222,1,0.000880541488543662,0,0.0000000914684704980797,3687.73094323054,-0.616823759191324,182
1813672,0,0.0000689875445256116,1,0.00676961751832844,0,0.00000228671176245199,97.1281123263523,-0.966853266366031,182
1814600,0,0.00000023871122673222,1,0.0014604940896988,0,0.0000000914684704980797,6117.24634179079,-0.616823759191324,182
1815168,0,0.00000214840104058998,1,0.0779552112450566,1,0.336136476080217,36284.2231833071,156457.90582324,182
1818896,0,0.00000023871122673222,1,0.000546598756892117,1,0.00526858390068939,2288.79074161969,22069.9514705798,183
1820224,1,0.0443432361890039,0,0.000000202144510684955,0,0.0000000914684704980797,-0.999995441367657,-0.999997937262177,184
1820224,1,0.0443432361890039,0,0.000000202144510684955,0,0.0000000914684704980797,-0.999995441367657,-0.999997937262177,184
1820224,1,0.0443432361890039,0,0.000000202144510684955,0,0.0000000914684704980797,-0.999995441367657,-0.999997937262177,184
1825116,0,0.00000023871122673222,0,0.000000202144510684955,1,0.0043869193135584,-0.153183897329994,18376.5156854249,185
1830247,0,0.00000023871122673222,0,0.000000202144510684955,1,0.826512392285586,-0.153183897329994,3462393.30629187,186
1831418,0,0.00000214840104058998,1,0.00352216595417465,0,0.0000000914684704980797,1638.43597476913,-0.957424862132369,187
1831479,0,0.0000059677806683055,1,0.00729741683572686,1,0.00179278202176236,1221.80245225549,299.410172794002,187
1831703,0,0.00000023871122673222,1,0.187852085201485,1,1.50253509439409,786941.816946825,6294361.92110213,187
1832520,0,0.0000689875445256116,1,0.00816684037618285,0,0.0000442707397210706,117.381374961837,-0.358279236846369,187
1840329,0,0.00000023871122673222,1,0.0990508102356277,0,0.0000000914684704980797,414938.890308303,-0.616823759191324,188
1862003,0,0.00000023871122673222,1,0.0132477426522492,0,0.0000000914684704980797,55495.9401045815,-0.616823759191324,189
1862609,1,0.0184485584467729,1,0.0656767515215417,0,0.0000000914684704980797,2.55999368248906,-0.999995041971937,189
1862609,1,0.0184485584467729,0,0.000000202144510684955,0,0.0000000914684704980797,-0.999989042801839,-0.999995041971937,189
1862609,1,0.0184485584467729,0,0.000000202144510684955,0,0.0000000914684704980797,-0.999989042801839,-0.999995041971937,189
1863674,0,0.0000537100260147495,1,0.000373765200256481,0,0.000169125201950949,5.95894655038596,2.14885719668997,190
1864040,0,0.00000023871122673222,0,0.0000341624223057573,1,0.00391933249237222,142.111921351231,16417.718742411,190
1864493,0,0.00000023871122673222,0,0.00000323431217095927,1,0.00978063208188916,12.5490576427201,40971.652253431,190
1866697,0,0.00000095484490692888,0,0.00000323431217095927,1,0.00136141671489342,2.38726441068002,1424.79879204908,191
1869637,0,0.00000023871122673222,1,0.000373765200256481,1,0.00395729190762892,1564.76297383684,16576.7368823466,192
1871644,0,0.00000095484490692888,0,0.00000181930059616459,1,0.00632678263588167,0.905336231007512,6624.97935012383,193
1872160,0,0.00000023871122673222,1,0.0239209728164148,0,0.0000000914684704980797,100207.830325558,-0.616823759191324,193
1873048,0,0.00000023871122673222,0,0.000000202144510684955,1,0.0636214434657623,-0.153183897329994,266519.53335192,193
1876920,0,0.00000023871122673222,0,0.000000202144510684955,1,1.20992379853191,-0.153183897329994,5068565.79970554,194
1877044,0,0.00000023871122673222,1,0.000827983915765574,0,0.0000365873881992319,3467.55875653634,152.270496323471,194
1878013,0,0.00000023871122673222,0,0.000000202144510684955,1,0.282046321645767,-0.153183897329994,1181536.73287822,194
1880889,0,0.00000023871122673222,1,0.295470790522495,0,0.0000000914684704980797,1237774.0077668,-0.616823759191324,195
1883117,0,0.00000023871122673222,1,0.718264928978548,0,0.0000000914684704980797,3008927.14640963,-0.616823759191324,196
1884205,0,0.00000023871122673222,0,0.000000202144510684955,1,0.204434318274971,-0.153183897329994,856407.477613412,197
1889562,0,0.00000023871122673222,0,0.000000202144510684955,1,0.0024004985397516,-0.153183897329994,10055.0772637829,198
1896594,1,144.059445779371,1,81.2463874754496,0,0.0000000914684704980797,-0.43602179616962,-0.999999999365064,199
1896594,1,144.059445779371,0,0.000000202144510684955,0,0.0000000914684704980797,-0.999999998596798,-0.999999999365064,199
1896594,1,144.059445779371,0,0.000000202144510684955,0,0.0000000914684704980797,-0.999999998596798,-0.999999999365064,199
1896713,0,0.000126278238941344,0,0.0000729741683572686,1,0.00442707397210706,-0.42211604335752,34.0580908414744,199
1898235,0,0.00000023871122673222,1,0.000633925185508018,1,0.00289808701926116,2654.61529797314,12139.5560137821,200
1899210,0,0.00000023871122673222,1,0.0174725629255647,1,0.0643865772214787,73194.3966503846,269724.802606284,200
1900431,0,0.00000023871122673222,1,0.0076865450187954,1,0.0239779107302486,32199.182304027,100446.35247055,201
1900481,0,0.00000214840104058998,1,0.00167395869298211,1,0.0201194962392281,778.164905134479,9363.86990050192,201
1902275,0,0.00000214840104058998,0,0.000000808578042739818,1,0.879579197472104,-0.62363728770222,409410.083337848,202
1902503,0,0.00000023871122673222,0,0.000000202144510684955,1,0.0042675529595584,-0.153183897329994,17876.4706911696,202
1903549,0,0.00000023871122673222,1,0.00612012720549768,0,0.0000000914684704980797,25637.2043244371,-0.616823759191324,203
1908039,0,0.00000381937962771552,0,0.00000181930059616459,1,0.0212503209399959,-0.523665942248122,5562.81481060218,204
1908128,0,0.000917605955558654,1,0.00612012720549768,0,0.000276692123256691,5.66966813851121,-0.698463025898479,204
1908346,0,0.0000537100260147495,1,0.00171095113843746,0,0.000118543137765511,30.8553399688841,1.20709514705798,204
1908398,1,0.383805639409505,0,0.0000341624223057573,1,1.17098704266794,-0.999910990306556,2.05098967401712,204
1908398,1,0.383805639409505,0,0.0000341624223057573,0,0.0000442707397210706,-0.999910990306556,-0.999884653232847,204
1908398,1,0.383805639409505,0,0.0000341624223057573,0,0.0000442707397210706,-0.999910990306556,-0.999884653232847,204
1908512,0,0.000483390234132745,1,0.015065628236839,0,0.000146349552796927,30.1665962053792,-0.697243464052404,204
1908575,0,0.00665741740233488,0,0.00669583477192843,1,0.560754409992235,0.00577061152573627,83.230021358668,204
1908672,0,0.000174020484287788,0,0.000446537224103065,1,2.55579334308936,1.56600380082036,14685.7384811014,204
1908747,0,0.0000116968501098788,0,0.0000341624223057573,1,0.004072267775045,1.92065145614757,347.150804429451,204
1909021,0,0.453943055914285,1,0.00960671572579178,1,0.0110771976511994,-0.978837178803313,-0.975597825527061,204
1911923,0,0.00000023871122673222,1,0.000589453393157327,0,0.0000000914684704980797,2468.31575538574,-0.616823759191324,205
1911963,0,0.00000381937962771552,1,0.00129372486838371,0,0.00000146349552796927,337.726441068002,-0.616823759191324,205
1912011,0,0.000244440296173793,0,0.000158481296377004,1,0.000896482479351679,-0.351656421393277,2.66749056266195,205
1912044,1,1.41769857551463,0,0.000276735835127703,0,0.0000483868208934841,-0.999804799243007,-0.999965869457916,205
1912044,1,1.41769857551463,0,0.000276735835127703,0,0.0000483868208934841,-0.999804799243007,-0.999965869457916,205
1912044,1,1.41769857551463,0,0.000276735835127703,0,0.0000483868208934841,-0.999804799243007,-0.999965869457916,205
1912131,0,0.000200756141681797,1,0.0967997289646401,1,0.513769251940664,481.175679178323,2558.17078121077,205
1913092,0,0.000115536233738394,1,0.00167395869298211,0,0.0000879012001486546,13.4886036078726,-0.23918932351831,205
1913257,0,0.00000023871122673222,1,0.00132627013460399,0,0.0000000914684704980797,5554.96044961791,-0.616823759191324,205
1914702,0,0.00000023871122673222,0,0.000000202144510684955,1,9.20181045373026,-0.153183897329994,38547873.6839696,206
1915242,0,0.00000023871122673222,1,0.00485652186920603,0,0.0000044819550544059,20343.7568666469,17.7756357996251,206
1915264,0,0.00000023871122673222,1,0.000446537224103065,1,0.00214118542588955,1869.61677079804,8968.77262109031,206
1915383,0,0.0000152775185108621,1,0.0019413958806183,0,0.0000154581715141755,126.075341406918,0.0118247608854112,206
1915498,0,0.00000095484490692888,0,0.00000727720238465836,1,0.00112698302500684,6.62134492403005,1179.27861575093,206
1918859,0,0.00000023871122673222,0,0.000000202144510684955,1,0.00261243098589565,-0.153183897329994,10942.8966137366,207
1918895,0,0.00000023871122673222,0,0.000000202144510684955,1,4.53074836118228,-0.153183897329994,18980037.8662271,207
1919138,0,0.000137497666597759,1,0.00142633166739304,0,0.0000717112808704945,9.37349725770757,-0.478454561121524,207
1919677,0,0.0000288840584345986,0,0.000097837943171518,1,0.0010668882398896,2.38726441068002,35.9369229156397,207
1919708,0,0.000244440296173793,0,0.00160118666913553,1,0.00152212681755854,5.55042026293859,5.22698810868866,207
1919793,0,0.0000343744166494397,0,0.000307461800751816,1,0.00129528501072331,7.94449508445193,36.6816579589699,207
1921167,0,0.00000023871122673222,1,0.00171095113843746,1,0.0498177536459561,7166.45149299893,208693.640499001,208
1931819,0,0.00000023871122673222,1,0.00745185524189016,0,0.0000000914684704980797,31216.0288088271,-0.616823759191324,209
1934992,0,0.00000023871122673222,1,0.412209851876588,0,0.0000000914684704980797,1726812.84750703,-0.616823759191324,210
1944809,0,0.00000023871122673222,1,0.000261979285847701,0,0.0000000914684704980797,1096.47366906033,-0.616823759191324,211
1945524,0,0.00000023871122673222,0,0.000000202144510684955,1,2.69197425455255,-0.153183897329994,11277115.2521499,211
1955100,0,0.00000023871122673222,1,0.137251271286828,0,0.0000000914684704980797,574966.81012647,-0.616823759191324,212
1957645,0,0.00000023871122673222,0,0.000000202144510684955,1,0.0522775237545905,-0.153183897329994,218998.015966828,213
1959557,0,0.00000023871122673222,0,0.000000202144510684955,1,0.0218720321339713,-0.153183897329994,91624.4858784115,214
1960138,0,0.00000023871122673222,1,0.0066224563145498,0,0.0000044819550544059,27741.542339572,17.7756357996251,214
1961722,0,0.00000023871122673222,1,0.000427737784609364,1,0.0225935354292602,1790.86287324973,94646.9800659103,215
1963817,0,0.00000023871122673222,1,0.0130415552513505,1,0.0673357951157483,54632.1876798581,282079.554138678,216
1964801,0,0.00000023871122673222,0,0.000000202144510684955,1,0.00873350103162714,-0.153183897329994,36585.0506486532,216
1969818,0,0.00000023871122673222,0,0.000000202144510684955,1,0.00108673689798768,-0.153183897329994,4551.51691704788,217
1969910,0,0.00000023871122673222,1,0.0580753093417447,0,0.00000329286493793087,243285.879032682,12.7943446691123,217
1970079,0,0.000174020484287788,1,0.00745185524189016,0,0.000228671176245199,41.8217130436585,0.314047465050331,217
1970153,0,0.000023871122673222,1,0.0014604940896988,1,0.00796004364509538,60.1824634179079,332.459123563751,217
1970185,0,0.00000859360416235992,1,0.00479405921540438,1,0.00302980161677839,556.863630303385,351.56471668185,217
1970248,0,0.0000773424374612393,1,0.00604998306029,0,0.0000526858390068939,77.2233306691685,-0.318797794117909,217
1970324,0,0.0000343744166494397,1,0.398470493774353,1,1.10835647714308,11591.0656294497,32242.6446979282,217
1970409,1,2.28366651850656,1,1.63961514919478,0,0.00261243098589565,-0.282025139875928,-0.998856036568945,217
1970409,1,2.28366651850656,0,0.00135921968984563,0,0.00261243098589565,-0.999404808154417,-0.998856036568945,217
1970409,1,2.28366651850656,0,0.00135921968984563,0,0.00261243098589565,-0.999404808154417,-0.998856036568945,217
1970580,0,0.000748598407032242,0,0.00142633166739304,1,0.0387644292655567,0.905336231007513,50.782676668035,217
1970763,0,0.000095484490692888,0,0.0000517489947353484,1,0.00446741156759671,-0.458037694291196,45.7867769433414,217
1971037,1,0.137154877276171,1,0.0338149358918899,1,0.0098405439300654,-0.753454368058665,-0.92825232229802,217
1971037,1,0.137154877276171,0,1.50104933215497,0,0.640399665993733,9.94419215681623,3.66917165989105,217
1971037,1,0.137154877276171,0,1.50104933215497,0,0.640399665993733,9.94419215681623,3.66917165989105,217
1974060,0,0.000441377058227875,1,0.546343246230611,0,0.0000823216234482717,1236.81523313462,-0.81348912021211,218
1974147,0,0.000292421252746969,1,0.170352030622468,1,0.0309825662009915,581.556941474676,104.951827748309,218
1974241,0,0.00000023871122673222,1,0.000880541488543662,0,0.00000146349552796927,3687.73094323054,5.13081985293882,218
1974345,0,0.0000773424374612393,1,0.00149506080102592,0,0.0000234159284475084,18.3304070844054,-0.697243464052404,218
1975108,0,0.000023871122673222,1,0.00132627013460399,0,0.0000823216234482717,54.5596044961791,2.44858616727809,218
1975273,0,0.00000023871122673222,1,0.00174834787291417,0,0.0000000914684704980797,7323.11247199288,-0.616823759191324,218
1975761,0,0.00000023871122673222,1,0.00142633166739304,0,0.00000146349552796927,5974.13442043956,5.13081985293882,218
1975841,0,0.0000059677806683055,1,0.00792487339689296,1,0.0714785850815473,1326.943139563,11976.4148974954,218
1975873,0,0.00000023871122673222,1,0.0012615838911848,0,0.000000823216234482717,5283.9792967635,2.44858616727809,218
1976147,1,0.0652944431368374,1,0.017711093448173,0,0.000000365873881992319,-0.728750371435807,-0.999994396554065,218
1976147,1,0.0652944431368374,0,0.000000202144510684955,0,0.000000365873881992319,-0.999996904108512,-0.999994396554065,218
1976147,1,0.0652944431368374,0,0.000000202144510684955,0,0.000000365873881992319,-0.999996904108512,-0.999994396554065,218
1978174,0,0.00000023871122673222,1,1.0880226143107,0,0.0000000914684704980797,4557901.99101104,-0.616823759191324,219
1979699,0,0.00000023871122673222,1,0.000727720238465836,0,0.0000000914684704980797,3047.53796961202,-0.616823759191324,220
1984828,0,0.00000023871122673222,0,0.000000202144510684955,1,0.894962639245883,-0.153183897329994,3749142.47974856,221
2005531,0,0.00000023871122673222,1,0.0638461308327788,0,0.0000000914684704980797,267460.785131705,-0.616823759191324,222
2006655,0,0.00000095484490692888,1,0.11985148038511,0,0.0000000914684704980797,125518.316818262,-0.904205939797831,223
2012496,1,0.0502919199591708,1,0.0194260874768241,0,0.0000000914684704980797,-0.613733428896827,-0.999998181249183,224
2012496,1,0.0502919199591708,0,0.000000202144510684955,0,0.0000000914684704980797,-0.999995980576784,-0.999998181249183,224
2012496,1,0.0502919199591708,0,0.000000202144510684955,0,0.0000000914684704980797,-0.999995980576784,-0.999998181249183,224
2026341,0,0.00000023871122673222,1,0.0329932184559555,0,0.0000000914684704980797,138212.937013388,-0.616823759191324,225
2032116,0,0.00000023871122673222,0,0.000000202144510684955,1,0.236212660169295,-0.153183897329994,989532.099900126,226
2035160,0,0.00000023871122673222,1,0.0134555472092333,1,0.200352537778994,56366.4670581262,839308.237867325,227
2036786,0,0.0000193356093653098,1,0.00160118666913553,0,0.00000740894611034445,81.8102512252977,-0.616823759191324,228
2036837,0,0.0000193356093653098,1,0.00240167893144795,0,0.00042295020758312,123.210149578054,20.8741597222138,228
2037999,0,0.00000023871122673222,0,0.000000808578042739818,1,0.00249022910931022,2.38726441068002,10430.9731560162,229
2048751,0,0.00000023871122673222,1,0.00379405032104591,0,0.0000000914684704980797,15892.8914310133,-0.616823759191324,230
2086776,1,0.20072964473563,0,0.000000202144510684955,0,0.0000000914684704980797,-0.999998992951385,-0.99999954432007,231
2086776,1,0.20072964473563,0,0.000000202144510684955,0,0.0000000914684704980797,-0.999998992951385,-0.99999954432007,231
2086776,1,0.20072964473563,0,0.000000202144510684955,0,0.0000000914684704980797,-0.999998992951385,-0.99999954432007,231
2090364,0,0.00000023871122673222,1,0.00557029413643461,1,0.0214270380249982,23333.8645251747,89760.3334668773,232
2106324,0,0.00000023871122673222,1,0.00276715620676634,1,0.00309675653718299,11591.0656294497,12971.8148088185,233
2109844,0,0.00000023871122673222,1,0.0144106800222197,0,0.0000000914684704980797,60367.673143242,-0.616823759191324,234
2115081,0,0.00000023871122673222,1,0.00874558011027387,1,0.00571677940612998,36635.6518659151,23947.5150505423,235
2122868,0,0.00000023871122673222,1,0.0869900601501206,0,0.0000000914684704980797,364414.454358599,-0.616823759191324,236
2124102,0,0.00000214840104058998,1,0.00160118666913553,1,0.0195233962169921,744.292261027679,9086.40772701857,237
2127065,0,0.00000023871122673222,0,0.000000202144510684955,1,0.0550801176906516,-0.153183897329994,230738.535985206,238
2133110,1,6.08773305973844,0,0.000000202144510684955,1,46.2647615247757,-0.999999966794781,6.59966987231262,239
2133110,1,6.08773305973844,0,0.000000202144510684955,0,0.0000000914684704980797,-0.999999966794781,-0.999999984974954,239
2133110,1,6.08773305973844,0,0.000000202144510684955,0,0.0000000914684704980797,-0.999999966794781,-0.999999984974954,239
2133950,0,0.0000288840584345986,1,0.00107722809744012,1,0.00171677172277846,36.294900918417,58.4366517664301,239
2134205,0,0.00000023871122673222,1,2.27670025769382,1,2.48664317939281,9537465.20492117,10416950.1146716,239
2134368,0,0.00172468861314029,1,0.00281466016677731,0,0.00492319895608864,0.631981648938015,1.85454366578356,239
2134429,0,0.0000611100740434483,1,0.000233679054351807,0,0.000500881344447484,2.82390396361924,7.19637927604809,239
2134459,0,0.0000059677806683055,1,0.00110694334051081,1,0.0127259168319273,184.486599128838,2131.43708829881,239
2134811,0,0.0000193356093653098,1,0.0134555472092333,0,0.000185223652758611,694.894655038596,8.57940602021691,239
2135432,0,0.00000095484490692888,0,0.00000505361276712386,1,0.00194974191713707,4.29260064168753,2040.94618726944,239
2135569,0,0.0000152775185108621,0,0.0000341624223057573,1,0.00330201178498068,1.23612377111298,215.135348331144,239
2145927,0,0.00000023871122673222,1,0.00135921968984563,0,0.0000000914684704980797,5692.99147435312,-0.616823759191324,240
